x,y,letter,name
450,150,a,button0
500,150,b,button1
550,150,c,button2
600,150,d,button3
450,200,e,button4
500,200,f,button5
550,200,g,button6
600,200,h,button7
450,250,i,button8
500,250,j,button9
550,250,k,button10
600,250,l,button11
450,300,m,button12
500,300,n,button13
550,300,o,button14
600,300,p,button15
450,350,q,button16
500,350,r,button17
550,350,s,button18
600,350,t,button19
450,400,u,button20
500,400,v,button21
550,400,w,button22
600,400,x,button23
450,450,y,button24
500,450,z,button25
